{"cameraMode":{"drawMode":0,"name":"Shaded","section":"Shading Mode"},"sceneLighting":true,"audioPlay":false,"sceneViewState":{"m_AlwaysRefresh":false,"showFog":true,"showSkybox":true,"showFlares":true,"showImageEffects":true,"showParticleSystems":true,"showVisualEffectGraphs":true,"m_FxEnabled":true},"in2DMode":false,"pivot":{"x":-0.5737094879150391,"y":-42.29440689086914,"z":52.96172332763672},"rotation":{"x":-0.39954474568367007,"y":-0.001382056507281959,"z":0.000588526192586869,"w":-0.916740357875824},"size":55.45268249511719,"orthographic":false}