{"cameraMode":{"drawMode":0,"name":"Shaded","section":"Shading Mode"},"sceneLighting":true,"audioPlay":false,"sceneViewState":{"m_AlwaysRefresh":false,"showFog":true,"showSkybox":false,"showFlares":true,"showImageEffects":true,"showParticleSystems":true,"showVisualEffectGraphs":true,"m_FxEnabled":true},"in2DMode":false,"pivot":{"x":-0.9134761095046997,"y":-0.12731532752513886,"z":3.2545955181121828},"rotation":{"x":-0.1876249611377716,"y":0.16271942853927613,"z":-0.031605981290340427,"w":-0.9682888984680176},"size":5.196152210235596,"orthographic":false}